,m,p,h,T,v,vol,s,x,Td_bp,PHE,S800,Water
source:out1_boiler:in1,100.0,2.0,100.0,46.94571580233952,0.10392670186561417,0.0010392670186561417,326.0023871536029,0.0,0.0,0.15,0.05,0.8
boiler:out1_sink:in1,100.0,2.0,100.0,46.94571580233952,0.10392670186561417,0.0010392670186561417,326.0023871536029,0.0,0.0,0.15,0.05,0.8
