,m,m_unit,v,v_unit,p,p_unit,h,h_unit,T,T_unit,Td_bp,Td_bp_unit,vol,vol_unit,x,x_unit,s,s_unit,PHE,S800,Water
source:out1_boiler:in1,100.0,kg / s,0.10392670186561417,m3 / s,2.0,bar,100.0,kJ / kg,46.94571580233958,C,0.0,C,0.0010392670186561417,m3 / kg,0.0,-,326.0023871536029,J / kgK,0.15,0.05,0.8
boiler:out1_press:in1,100.0,kg / s,0.10392670186561417,m3 / s,2.0,bar,100.0,kJ / kg,46.94571580233958,C,0.0,C,0.0010392670186561417,m3 / kg,0.0,-,326.0023871536029,J / kgK,0.15,0.05,0.8
press:out1_presscake:in1,7.777777777777778,kg / s,0.008221058787004496,m3 / s,2.0,bar,78.6661264995547,kJ / kg,46.94571580233952,C,0.0,C,0.0010569932726148638,m3 / kg,0.0,-,256.3696338669534,J / kgK,0.05,0.45,0.5
press:out2_decanter:in1,92.22222222222223,kg / s,0.09570564307860968,m3 / s,2.0,bar,101.79924234341104,kJ / kg,46.94571580233952,C,0.0,C,0.0010377720333825146,m3 / kg,0.0,-,331.87502899705527,J / kgK,0.158433734939759,0.016265060240963854,0.8253012048192772
decanter:out1_grax:in1,1.2857142857142858,kg / s,0.0013476962897216464,m3 / s,2.0,bar,85.51182358236194,kJ / kg,46.94571580233952,C,0.0,C,0.0010482082253390583,m3 / kg,0.0,-,278.7159180028207,J / kgK,0.05,0.35,0.6
decanter:out2_centrifuge:in1,90.93650793650794,kg / s,0.09435794678888801,m3 / s,2.0,bar,102.02952353029268,kJ / kg,46.94571580233952,C,0.0,C,0.0010376244803106903,m3 / kg,0.0,-,332.6266240381676,J / kgK,0.15996683539884796,0.011546517716879038,0.828486646884273
centrifuge:out1_stickWater:in1,79.18149751483085,kg / s,0.08046317117410214,m3 / s,2.0,bar,109.46751182641475,kJ / kg,46.94571580233952,C,0.0,C,0.0010161865296754613,m3 / kg,0.0,-,356.91496499562584,J / kgK,0.036742991363861846,0.011776108371890534,0.9514809002642476
centrifuge:out2_oil:in1,11.755010421677088,kg / s,0.013894775614785896,m3 / s,2.0,bar,51.92739425453574,kJ / kg,46.94571580233958,C,0.0,C,0.0011820300549596219,m3 / kg,0.0,-,169.02088145066307,J / kgK,0.99,0.01,0.0
